,player_name,position,age,birth_country,nationality,height_cms,weight_kgs,rating,team_name,league,season,goals_scored,goals_conceded,assists,saves,total_shots,shots_on_target,total_passes,key_passes,passing_accuracy,total_tackles,blocks,interceptions,total_duels,duels_won,dribbles_attempts,successful_dribbles,fouls_drawn,fouls_committed,yellow_card,red_card,yellowred_card,penalties_won,penalties_commited,penalties_scored,penalties_missed,penalties_saved,appearences,minutes_played,lineups,subbed_on,subbed_off,bench,performance
183,K. Mbappé,Attacker,22,France,France,178.0,73.0,7.73,Paris Saint Germain,Ligue 1,2019-2020,18,0,5,0,88,49,486,41,80,6,0,2,0,0,104,51,22,11,0,0,0,1,0,0,0,0,20,1515,17,3,5,3,
184,K. Mbappé,Attacker,22,France,France,178.0,73.0,7.871428,Paris Saint Germain,Ligue 1,2018-2019,33,0,7,0,122,68,591,48,78,4,0,4,232,112,115,64,39,19,5,1,0,3,0,1,0,0,29,2340,24,5,1,5,
185,K. Mbappé,Attacker,22,France,France,178.0,73.0,7.3,Paris Saint Germain,Ligue 1,2017-2018,13,0,0,0,3,2,19,0,70,0,0,1,9,6,6,4,1,0,2,0,0,0,0,0,0,0,27,2097,24,3,5,5,
252,J. Deminguet,Midfielder,22,France,France,178.0,74.0,7.047826,Caen,Ligue 2,2019-2020,6,0,2,0,22,11,527,14,76,31,6,13,0,0,32,23,40,30,4,0,0,1,0,0,0,0,25,1888,24,1,12,3,
633,J. Reine-Adélaïde,Midfielder,22,France,France,183.0,75.0,8.3,Lyon,Ligue 1,2019-2020,2,0,1,0,2,1,28,1,82,0,0,0,0,0,12,10,2,1,3,0,0,0,0,0,0,0,14,789,11,3,9,5,
681,Houssem Aouar,Midfielder,22,France,France,175.0,70.0,6.983333,Lyon,Ligue 1,2018-2019,7,0,7,0,67,21,1721,43,84,37,6,31,392,190,96,58,53,30,2,0,0,2,0,0,0,0,37,3068,35,2,9,3,
682,Houssem Aouar,Midfielder,22,France,France,175.0,70.0,7.1633330000000015,Lyon,Ligue 1,2017-2018,6,0,5,0,50,18,1328,39,84,13,0,39,397,217,114,82,46,20,1,0,0,0,0,0,0,0,32,2436,27,5,9,9,
871,J. Reine-Adélaïde,Midfielder,22,France,France,183.0,75.0,8.3,Lyon,Ligue 1,2019-2020,2,0,1,0,2,1,28,1,82,0,0,0,0,0,12,10,2,1,3,0,0,0,0,0,0,0,14,789,11,3,9,5,
994,S. Alakouch,Defender,22,France,France,175.0,66.0,6.98,Nimes,Ligue 2,2017-2018,0,0,3,0,16,6,800,24,81,16,0,49,292,176,37,23,50,26,2,0,0,1,0,0,0,0,30,2385,27,3,7,6,
1150,V. Osimhen,Attacker,22,Nigeria,Nigeria,185.0,78.0,7.0846149999999986,Lille,Ligue 1,2019-2020,13,0,4,0,84,35,207,20,61,4,0,10,0,0,32,12,37,52,4,0,0,3,0,2,1,0,27,2289,25,2,4,2,
1461,M. Chouiar,Attacker,21,France,France,180.0,77.0,7.152631,Dijon,Ligue 1,2019-2020,4,0,0,0,39,17,397,45,74,33,0,14,0,0,102,69,20,34,4,0,1,0,0,0,0,0,20,1514,18,2,9,2,
1567,A. Claude Maurice,Midfielder,22,France,France,174.0,62.0,6.9238089999999985,Nice,Ligue 1,2019-2020,1,0,1,0,34,8,465,20,87,24,4,8,0,0,82,55,42,12,2,0,0,0,0,0,0,0,22,1633,19,3,7,3,
1569,A. Claude Maurice,Midfielder,22,France,France,174.0,62.0,7.054285,Lorient,Ligue 2,2018-2019,14,0,4,0,72,33,809,39,80,29,0,34,501,247,133,84,103,31,4,0,0,1,0,0,0,0,35,3099,35,0,9,0,
1598,M. Sarr,Defender,21,France,France,180.0,70.0,7.0058820000000015,Nice,Ligue 1,2018-2019,1,0,1,0,9,1,1874,7,88,37,12,69,261,153,14,9,30,31,1,0,0,0,1,0,0,0,35,2995,34,1,2,3,
1679,A. Disasi,Defender,22,France,France,190.0,86.0,6.974074000000001,Reims,Ligue 1,2019-2020,1,0,0,0,15,3,1243,5,82,31,22,26,0,0,7,4,24,37,3,0,0,0,2,0,0,0,27,2430,27,0,0,0,
1681,A. Disasi,Defender,22,France,France,190.0,86.0,7.0615380000000005,Reims,Ligue 2,2017-2018,1,0,0,0,1,1,383,2,75,4,4,27,137,88,19,15,6,21,1,0,0,0,1,0,0,0,13,1078,11,2,0,24,
1696,D. Maresic,Defender,21,Austria,Austria,183.0,74.0,7.085294,Sturm Graz,Tipp3 Bundesliga,2017-2018,1,0,1,0,12,1,1328,5,80,19,5,100,225,143,4,1,25,18,2,0,0,0,0,0,0,0,34,3010,34,0,4,1,
1710,K. Sierhuis,Attacker,22,Greece,Netherlands,180.0,83.0,6.993333,Groningen,Eredivisie,2019-2020,6,0,1,0,27,13,107,10,54,4,0,1,0,0,11,5,10,6,0,0,0,2,0,0,0,0,16,1048,14,2,13,4,
2060,A. Lafont,Goalkeeper,21,Burkina Faso,France,193.0,82.0,6.934614999999999,Nantes,Ligue 1,2019-2020,0,27,0,66,0,0,421,0,57,1,0,0,0,0,0,0,2,3,3,0,0,0,0,0,0,2,27,2430,27,0,0,0,
2101,I. Louza,Midfielder,21,France,France,178.0,65.0,7.047826,Nantes,Ligue 1,2019-2020,2,0,2,0,35,14,798,33,79,45,2,18,0,0,37,23,33,44,4,0,0,0,1,0,0,0,24,2012,22,2,5,4,
2264,J. Marcelin,Defender,20,France,France,197.0,82.0,7.08125,Auxerre,Ligue 2,2019-2020,0,0,0,0,10,4,554,2,84,25,8,16,0,0,11,9,19,12,4,0,0,0,0,0,0,0,16,1353,15,1,0,4,
2397,B. Kamara,Defender,21,France,France,184.0,68.0,7.021739,Marseille,Ligue 1,2019-2020,1,0,2,0,15,3,1068,8,83,52,12,35,0,0,23,13,30,23,7,1,0,0,1,0,0,0,24,2141,24,0,1,0,
2398,B. Kamara,Defender,21,France,France,184.0,68.0,6.9178570000000015,Marseille,Ligue 1,2018-2019,1,0,0,0,10,4,1156,7,80,34,13,45,258,160,14,9,30,23,6,0,0,0,1,0,0,0,31,2409,27,4,2,8,
2515,Bafodé Diakité,Defender,19,France,France,185.0,74.0,6.906666,Toulouse,Ligue 1,2019-2020,2,0,0,0,10,6,540,1,87,16,3,21,0,0,4,3,4,5,1,1,0,0,0,0,0,0,16,1368,16,0,1,0,
2633,A. Davies,Defender,20,Ghana,Canada,181.0,72.0,7.2,Bayern Munich,Bundesliga 1,2019-2020,3,0,5,0,12,5,1253,34,85,69,5,30,90,57,126,81,33,24,3,0,1,0,0,0,0,0,29,2233,24,5,3,9,
2792,S. Singh,Midfielder,21,New Zealand,New Zealand,175.0,71.0,7.188461,Wellington Phoenix,A-League,2018-2019,5,0,8,0,60,20,644,43,79,12,0,7,289,101,61,29,34,33,5,0,0,0,0,0,0,0,26,2031,22,4,11,4,
2811,J. Hoogma,Defender,22,Netherlands,Netherlands,190.0,81.0,7.0,Utrecht,Eredivisie,2019-2020,1,0,0,0,3,1,329,1,85,6,5,7,0,0,1,1,0,4,1,1,0,0,0,0,0,0,23,2059,23,0,0,1,
3343,K. Danso,Defender,22,Austria,Austria,190.0,89.0,6.906666,FC Augsburg,Bundesliga 1,2017-2018,2,0,0,0,9,4,362,3,68,2,0,20,133,70,11,5,17,18,2,0,0,0,0,0,0,0,16,1107,13,3,5,11,
3526,Matheus Santos Carneiro da Cunha,Attacker,21,Brazil,Brazil,184.0,75.0,7.25,RB Leipzig,UEFA Europa League,2018-2019,6,0,0,0,20,8,99,13,68,8,0,1,106,44,14,8,17,11,2,0,0,0,0,0,0,0,12,997,12,0,4,0,
3676,T. Handwerker,Defender,22,Germany,Germany,182.0,74.0,6.979411,FC Nurnberg,Bundesliga 2,2019-2020,1,0,1,0,20,7,912,40,64,56,12,47,145,83,48,29,34,24,4,0,0,0,0,0,0,0,27,2209,25,2,6,9,
4490,O. Kabak,Defender,20,Turkey,Turkey,186.0,86.0,7.029166,FC Schalke 04,Bundesliga 1,2019-2020,3,0,1,0,11,7,843,3,75,37,19,36,82,59,23,20,13,22,4,0,0,0,1,0,0,0,26,1775,21,5,3,9,
5185,Kai Havertz,Midfielder,21,Germany,Germany,188.0,83.0,6.996550999999998,Bayer Leverkusen,Bundesliga 1,2019-2020,12,0,5,0,58,25,1123,59,84,19,0,2,94,35,114,55,32,24,3,0,0,0,0,1,0,0,30,2462,29,1,9,2,
5186,Kai Havertz,Midfielder,21,Germany,Germany,188.0,83.0,7.2,Bayer Leverkusen,Bundesliga 1,2018-2019,17,0,3,0,86,42,1528,36,85,17,4,15,389,179,86,47,51,23,2,0,0,0,0,3,0,0,34,2899,33,1,6,1,
5187,Kai Havertz,Midfielder,21,Germany,Germany,188.0,83.0,7.023333,Bayer Leverkusen,Bundesliga 1,2017-2018,3,0,8,0,37,14,880,31,79,6,1,19,387,185,60,27,46,30,3,0,0,1,0,0,0,0,30,2139,22,8,4,11,
5260,E. Tapsoba,Defender,21,Burkina Faso,Burkina Faso,190.0,80.0,7.225,Guimaraes,UEFA Europa League,2019-2020,3,0,0,0,1,0,269,0,88,8,4,11,27,13,2,1,2,7,3,0,0,0,0,0,0,0,11,990,11,0,0,0,
5471,O. Mangala,Midfielder,22,Belgium,Belgium,178.0,78.0,6.944827,Hamburger SV,Bundesliga 2,2018-2019,0,0,2,0,29,7,1365,25,86,37,4,51,378,206,83,63,63,46,5,0,1,0,0,0,0,0,29,2473,28,1,6,1,
5487,N. González,Attacker,22,Argentina,Argentina,180.0,72.0,7.242307,VfB Stuttgart,Bundesliga 2,2019-2020,14,0,2,0,72,36,314,40,70,12,2,7,94,48,88,51,40,22,8,0,0,0,0,4,0,0,27,1866,21,6,11,8,
5589,D. Zagadou,Defender,21,France,France,196.0,90.0,7.308333,Borussia Dortmund,Bundesliga 1,2019-2020,1,0,1,0,4,3,692,6,81,14,8,15,2,2,7,6,1,5,1,0,0,0,0,0,0,0,15,978,10,5,0,15,
5590,D. Zagadou,Defender,21,France,France,196.0,90.0,6.99375,Borussia Dortmund,Bundesliga 1,2018-2019,2,0,0,0,10,3,915,2,81,10,11,25,118,79,13,13,4,13,4,0,0,0,1,0,0,0,17,1267,15,2,2,6,
5712,J. Sancho,Midfielder,20,England,England,180.0,76.0,7.593547999999998,Borussia Dortmund,Bundesliga 1,2019-2020,17,0,15,0,50,28,1267,68,83,13,0,14,49,23,141,80,17,8,2,0,0,0,0,0,0,0,32,2290,25,7,10,8,
5713,J. Sancho,Midfielder,20,England,England,180.0,76.0,7.2558820000000015,Borussia Dortmund,Bundesliga 1,2018-2019,12,0,14,0,40,22,1105,71,85,10,1,14,345,170,186,113,37,5,2,0,0,2,0,0,0,0,34,2462,26,8,9,8,
5719,E. Haaland,Attacker,20,England,Norway,191.0,87.0,7.385714,Borussia Dortmund,Bundesliga 1,2019-2020,13,0,1,0,32,20,150,8,73,3,4,3,37,17,21,11,7,9,0,0,0,1,0,0,0,0,15,1063,11,4,4,4,
5720,E. Haaland,Attacker,20,England,Norway,191.0,87.0,7.692307,Red Bull Salzburg,Tipp3 Bundesliga,2019-2020,16,0,3,0,51,26,129,12,63,2,0,0,0,0,29,15,19,21,2,0,0,3,0,1,0,0,14,983,11,3,6,3,
5727,A. Hakimi,Defender,22,Spain,Morocco,181.0,73.0,7.084375,Borussia Dortmund,Bundesliga 1,2019-2020,5,0,10,0,37,19,1694,36,83,54,1,28,84,45,116,73,48,23,5,0,0,0,0,0,0,0,33,2715,29,4,4,4,
5728,A. Hakimi,Defender,22,Spain,Morocco,181.0,73.0,6.957142,Borussia Dortmund,Bundesliga 1,2018-2019,2,0,4,0,20,5,1146,11,85,19,4,29,223,123,61,38,36,14,4,0,0,0,0,0,0,0,21,1740,19,2,2,8,
5770,M. Saracchi,Defender,22,Uruguay,Uruguay,172.0,69.0,7.20909,Galatasaray,Super Lig,2019-2020,2,0,4,0,8,3,412,9,80,28,2,24,70,39,14,9,11,14,5,0,0,0,1,0,0,0,14,1143,14,0,3,0,
5830,I. Konaté,Defender,21,France,France,192.0,93.0,7.044444,RB Leipzig,Bundesliga 1,2018-2019,1,0,1,0,13,4,788,6,71,32,18,58,285,188,26,22,25,37,7,0,0,0,1,0,0,0,28,2430,27,1,0,3,
5894,Matheus Santos Carneiro da Cunha,Attacker,21,Brazil,Brazil,184.0,75.0,7.25,RB Leipzig,UEFA Europa League,2018-2019,6,0,0,0,20,8,99,13,68,8,0,1,106,44,14,8,17,11,2,0,0,0,0,0,0,0,12,997,12,0,4,0,
5895,D. Upamecano,Defender,22,France,France,185.0,83.0,7.074074,RB Leipzig,Bundesliga 1,2019-2020,0,0,1,0,13,4,1664,9,88,47,15,40,51,27,38,29,13,25,7,0,1,0,0,0,0,0,28,2359,27,1,2,1,
5897,D. Upamecano,Defender,22,France,France,185.0,83.0,7.035714,RB Leipzig,Bundesliga 1,2017-2018,3,0,0,0,10,7,1224,9,81,5,2,55,297,182,19,13,11,32,3,0,1,0,3,0,0,0,28,2265,25,3,1,4,
5945,Daniel Olmo,Midfielder,22,Spain,Spain,176.0,68.0,7.1625,Dinamo Zagreb,UEFA Champions League,2019-2020,5,0,2,0,19,3,141,12,68,11,3,6,0,0,49,23,21,4,0,0,0,0,0,0,0,0,11,909,10,1,3,1,
5946,Daniel Olmo,Midfielder,22,Spain,Spain,176.0,68.0,7.26,Dinamo Zagreb,UEFA Europa League,2018-2019,2,0,2,0,16,8,238,20,70,3,0,8,153,88,55,30,36,9,1,0,0,1,0,0,0,0,10,926,10,0,2,0,
5990,A. Haidara,Midfielder,22,Mali,Mali,175.0,68.0,7.357142,Red Bull Salzburg,Tipp3 Bundesliga,2017-2018,3,0,5,0,57,11,863,28,73,10,1,43,298,181,50,28,24,35,4,0,0,1,0,0,0,0,31,1818,20,11,11,15,
5997,A. Haidara,Midfielder,22,Mali,Mali,175.0,68.0,7.007142,Red Bull Salzburg,UEFA Europa League,2017-2018,3,0,0,0,25,4,367,8,69,15,0,23,252,125,37,23,12,28,2,0,1,0,0,0,0,0,16,1264,14,2,8,2,
6571,A. Bastoni,Defender,21,Italy,Italy,190.0,75.0,6.995833,Inter,Serie A,2019-2020,2,0,0,0,8,4,1179,10,88,30,9,25,63,39,14,11,28,36,8,0,1,0,1,0,0,0,25,1922,21,4,4,15,
6739,M. Müldür,Defender,21,Austria,Turkey,188.0,74.0,6.9879999999999995,Rapid Vienna,Tipp3 Bundesliga,2018-2019,0,0,2,0,17,7,764,12,73,49,8,55,264,152,39,25,21,33,5,0,0,0,0,0,0,0,26,1917,20,6,3,14,
6745,M. Locatelli,Midfielder,22,Italy,Italy,185.0,75.0,7.178125,Sassuolo,Serie A,2019-2020,0,0,4,0,30,5,1767,47,87,69,13,31,116,71,66,51,56,43,9,0,0,0,0,0,0,0,33,2597,31,2,14,6,
6746,M. Locatelli,Midfielder,22,Italy,Italy,185.0,75.0,6.982142,Sassuolo,Serie A,2018-2019,2,0,4,0,31,6,1032,41,85,28,3,27,232,115,29,20,29,35,7,0,0,0,1,0,0,0,29,1849,21,8,10,16,
6885,J. Kluivert,Attacker,21,Netherlands,Netherlands,171.0,66.0,7.323333,Ajax,Eredivisie,2017-2018,10,0,5,0,80,34,709,50,86,8,2,13,351,159,154,81,41,41,2,0,0,1,0,0,0,0,30,2335,27,3,11,6,
7071,Rafael Leão,Attacker,21,Portugal,Portugal,188.0,81.0,6.948275,AC Milan,Serie A,2019-2020,6,0,1,0,44,16,321,31,78,5,0,0,46,15,60,39,15,16,0,0,0,1,0,0,0,0,31,1392,12,19,7,26,
7174,G. Donnarumma,Goalkeeper,21,Italy,Italy,196.0,90.0,7.0,AC Milan,Serie A,2019-2020,0,43,0,101,0,0,707,0,73,1,0,3,0,0,0,0,4,1,3,0,0,0,0,0,0,4,36,3202,36,0,1,0,
7175,G. Donnarumma,Goalkeeper,21,Italy,Italy,196.0,90.0,7.077142,AC Milan,Serie A,2018-2019,0,31,0,98,0,0,751,2,77,1,0,1,16,14,0,0,1,0,4,0,0,0,0,0,0,1,36,3092,36,0,2,0,
7250,Igor,Defender,22,Brazil,Brazil,185.0,85.0,7.2,Wolfsberger AC,Tipp3 Bundesliga,2017-2018,0,0,0,0,0,0,77,0,92,0,0,3,8,5,0,0,0,1,2,0,0,0,0,0,0,0,15,1350,15,0,0,0,
7286,P. Cutrone,Attacker,22,Italy,Italy,183.0,75.0,7.044444,AC Milan,UEFA Europa League,2017-2018,6,0,1,0,29,10,109,4,75,0,0,2,67,29,10,7,8,8,0,0,0,1,0,0,0,0,13,888,12,1,8,2,
7743,E. Vignato,Attacker,20,Italy,Italy,175.0,67.0,7.0424240000000005,Chievo,Serie B,2019-2020,2,0,3,0,64,26,839,48,77,31,0,13,100,49,78,55,14,21,3,0,0,0,0,0,0,0,19,1344,16,3,11,4,
7744,E. Vignato,Attacker,20,Italy,Italy,175.0,67.0,7.0424240000000005,Chievo,Serie B,2019-2020,3,0,3,0,64,26,839,48,77,31,0,13,100,49,78,55,14,21,1,0,0,0,0,0,0,0,16,1057,11,5,2,5,
7751,Adrian Šemper,Goalkeeper,22,Croatia,Croatia,194.0,89.0,6.916216,Chievo,Serie B,2019-2020,0,39,0,113,0,0,612,2,67,0,0,2,3,3,0,0,1,2,1,0,0,0,0,0,0,2,38,3450,38,0,0,2,
7792,Salvatore Esposito,Midfielder,20,Italy,Italy,178.0,70.0,6.931578,Chievo,Serie B,2019-2020,1,0,2,0,37,11,1124,37,80,37,4,21,76,39,12,8,61,43,6,0,0,0,1,0,0,0,39,2329,24,15,11,16,
8130,G. Cuomo,Defender,22,Italy,Italy,190.0,79.0,6.9142850000000005,Crotone,Serie B,2019-2020,1,0,0,0,7,3,998,2,82,39,6,34,94,63,7,5,18,20,6,0,0,0,0,0,0,0,21,1761,18,3,2,13,
8196,Igor,Defender,22,Brazil,Brazil,185.0,85.0,7.2,Wolfsberger AC,Tipp3 Bundesliga,2017-2018,0,0,0,0,0,0,77,0,92,0,0,3,8,5,0,0,0,1,2,0,0,0,0,0,0,0,15,1350,15,0,0,0,
8373,J. Chabot,Defender,22,Germany,Germany,195.0,85.0,6.923075999999999,Groningen,Eredivisie,2018-2019,1,0,0,0,9,2,813,5,69,37,19,42,306,197,16,11,21,27,6,0,0,2,0,0,0,0,28,2320,26,2,3,5,
8374,J. Chabot,Defender,22,Germany,Germany,195.0,85.0,6.95,Sparta Rotterdam,Eredivisie,2017-2018,2,0,1,0,5,2,496,6,71,8,1,43,239,148,27,19,21,19,5,0,1,1,0,0,0,0,20,1566,18,2,5,13,
8557,A. Malle,Attacker,22,Mali,Mali,176.0,72.0,7.0,Balıkesirspor,TFF 1. Lig,2019-2020,6,0,0,0,3,1,23,2,59,3,0,2,30,12,9,5,3,4,11,0,0,0,0,0,0,0,26,1827,20,6,7,6,
8685,C. Romero,Defender,22,Argentina,Argentina,185.0,79.0,6.9172410000000015,Genoa,Serie A,2019-2020,1,0,1,0,15,3,1310,10,87,49,31,72,72,43,22,15,23,47,14,0,1,1,1,0,0,0,30,2581,30,0,3,1,
8686,C. Romero,Defender,22,Argentina,Argentina,185.0,79.0,6.9307690000000015,Genoa,Serie A,2018-2019,2,0,2,0,18,6,627,3,77,35,26,38,258,152,14,13,21,36,11,1,1,1,2,0,0,0,27,2339,27,0,1,0,
8985,M. de Ligt,Defender,21,Netherlands,Netherlands,188.0,89.0,6.939285000000001,Juventus,Serie A,2019-2020,4,0,0,0,16,8,1366,3,89,24,23,25,51,29,2,1,17,27,5,0,0,1,3,0,0,0,29,2448,26,3,1,9,
8986,M. de Ligt,Defender,21,Netherlands,Netherlands,188.0,89.0,7.253125,Ajax,Eredivisie,2018-2019,3,0,1,0,46,14,1928,13,89,17,28,34,286,181,9,8,17,20,1,0,0,2,0,0,0,0,33,2970,33,0,0,0,
8987,M. de Ligt,Defender,21,Netherlands,Netherlands,188.0,89.0,7.133333,Ajax,Eredivisie,2017-2018,3,0,2,0,33,8,1839,10,88,5,6,57,290,163,17,15,14,28,8,0,0,0,1,0,0,0,33,2913,33,0,1,0,
8990,M. de Ligt,Defender,21,Netherlands,Netherlands,188.0,89.0,7.070588000000001,Ajax,UEFA Champions League,2018-2019,3,0,0,0,20,7,761,1,85,13,10,19,141,87,4,2,11,14,2,0,0,1,0,0,0,0,17,1530,17,0,0,0,
9122,M. Demiral,Defender,22,Turkey,Turkey,192.0,86.0,7.128571000000001,Sassuolo,Serie A,2018-2019,2,0,0,0,7,3,616,2,84,17,11,19,133,88,5,4,4,27,3,0,0,0,1,0,0,0,14,1260,14,0,0,2,
9123,M. Demiral,Defender,22,Turkey,Turkey,192.0,86.0,7.13125,Alanyaspor,Super Lig,2018-2019,1,0,0,0,10,5,466,1,75,21,12,37,151,97,5,4,16,24,4,1,0,0,0,0,0,0,16,1411,16,0,0,2,
9244,Marash Kumbulla,Defender,20,Italy,Albania,185.0,78.0,6.928,Verona,Serie A,2019-2020,1,0,0,0,9,4,774,2,83,37,24,50,58,32,4,2,24,47,6,0,1,0,0,0,0,0,25,1958,25,0,8,3,
9371,Carles Aleñá,Midfielder,22,Spain,Spain,180.0,73.0,7.339473,Barcelona B,Segunda Division,2017-2018,11,0,3,0,99,37,1353,80,81,2,0,7,452,260,172,102,124,24,10,0,0,1,0,3,0,0,38,3367,38,0,6,0,
9647,A. Isak,Attacker,21,Sweden,Sweden,190.0,70.0,7.53125,Willem II,Eredivisie,2018-2019,13,0,6,0,55,33,225,24,71,8,0,2,229,99,67,33,24,10,0,0,0,0,0,4,1,0,16,1369,15,1,3,1,
9653,M. Ødegaard,Midfielder,22,Norway,Norway,178.0,68.0,7.236666,Real Sociedad,Primera Division,2019-2020,4,0,6,0,49,16,1228,63,84,19,0,14,50,24,104,64,36,23,3,0,0,0,0,0,0,0,31,2533,29,2,7,5,
9654,M. Ødegaard,Midfielder,22,Norway,Norway,178.0,68.0,7.651428,Vitesse,Eredivisie,2018-2019,9,0,12,0,85,34,1108,125,79,36,1,40,473,237,160,101,53,29,2,0,0,0,0,1,0,0,35,2973,33,2,4,2,
9655,M. Ødegaard,Midfielder,22,Norway,Norway,178.0,68.0,7.433333,Heerenveen,Eredivisie,2017-2018,2,0,1,0,51,25,877,46,80,0,0,25,326,158,104,68,36,20,1,0,0,0,0,0,0,0,24,2079,24,0,5,0,
9766,Renan Augusto Lodi dos Santos,Defender,22,Brazil,Brazil,173.0,68.0,6.929032,Atletico Madrid,Primera Division,2019-2020,1,0,2,0,18,3,678,20,75,65,7,41,87,45,29,16,44,42,5,0,1,0,0,0,0,0,32,2399,28,4,6,7,
9802,João Félix,Attacker,21,Portugal,Portugal,181.0,70.0,7.4956520000000015,Benfica,Primeira Liga,2018-2019,15,0,7,0,65,25,454,29,70,10,0,4,213,101,28,16,49,26,2,0,0,2,0,0,0,0,26,1735,21,5,15,9,
10342,Javi Puado,Attacker,22,Spain,Spain,177.0,69.0,6.93,Zaragoza,Segunda Division,2019-2020,4,0,5,0,43,14,401,27,81,11,1,5,53,24,53,32,28,25,4,0,0,0,0,0,0,0,21,1698,20,1,13,2,
10621,Peru Nolaskoain,Defender,22,Spain,Spain,186.0,81.0,6.915384,Deportivo La Coruna,Segunda Division,2019-2020,2,0,0,0,15,3,1116,16,79,29,17,42,36,21,21,16,33,33,6,0,0,0,0,0,0,0,28,2315,26,2,3,2,
10950,Éder Militão,Defender,22,Brazil,Brazil,186.0,79.0,6.964285,Real Madrid,Primera Division,2019-2020,0,0,0,0,1,1,540,1,87,22,5,17,31,20,3,1,15,15,3,0,0,0,0,0,0,0,15,1018,10,5,1,28,
10951,Éder Militão,Defender,22,Brazil,Brazil,186.0,79.0,7.431033999999999,FC Porto,Primeira Liga,2018-2019,3,0,1,0,29,8,1253,11,79,43,23,65,346,232,29,19,34,46,0,0,0,1,0,0,0,0,29,2600,29,0,1,2,
11047,Federico Santiago Valverde Dipetta,Midfielder,22,Uruguay,Uruguay,182.0,78.0,6.903225,Real Madrid,Primera Division,2019-2020,2,0,5,0,22,11,950,20,87,36,4,21,57,25,27,19,10,25,1,0,0,0,0,0,0,0,33,1906,21,12,11,14,
11203,Pedri,Attacker,18,Spain,Spain,174.0,60.0,6.954545,Las Palmas,Segunda Division,2019-2020,4,0,2,0,29,9,659,41,79,29,1,12,53,28,69,51,30,15,5,0,0,0,0,0,0,0,36,2836,34,2,15,2,
11215,Josep Martínez,Goalkeeper,22,Spain,Spain,191.0,78.0,6.985714,Las Palmas,Segunda Division,2019-2020,0,21,0,48,0,0,355,0,60,1,0,0,3,3,3,2,2,1,2,0,0,0,0,0,0,2,21,1846,21,0,1,15,
11753,Cucurella,Defender,22,Spain,Spain,172.0,66.0,7.027027,Barcelona B,Segunda Division,2017-2018,1,0,4,0,19,5,1523,46,79,18,2,52,316,183,31,15,29,40,8,0,0,0,1,0,0,0,37,3330,37,0,0,3,
11809,J. Koundé,Defender,22,France,France,178.0,70.0,6.975,Sevilla,Primera Division,2019-2020,1,0,1,0,22,5,1200,4,83,21,11,22,95,62,20,18,10,20,6,0,0,0,1,0,0,0,29,2306,25,4,1,12,
11811,J. Koundé,Defender,22,France,France,178.0,70.0,7.011111,Bordeaux,Ligue 1,2017-2018,2,0,0,0,10,3,704,5,82,8,5,14,120,65,8,4,6,9,1,0,0,0,0,0,0,0,18,1588,17,1,0,3,
11814,J. Koundé,Defender,22,France,France,178.0,70.0,6.92,Bordeaux,UEFA Europa League,2018-2019,2,0,0,0,3,1,181,0,74,4,3,9,48,23,0,0,3,2,2,0,1,0,0,0,0,0,10,900,10,0,0,1,
12218,Óscar Rodríguez,Midfielder,22,Spain,Spain,174.0,67.0,6.924136999999999,Leganes,Primera Division,2019-2020,9,0,2,0,58,24,490,31,72,21,0,14,51,21,83,41,38,31,6,1,0,0,0,1,0,0,30,1922,22,8,15,8,
12485,Carles Aleñá,Midfielder,22,Spain,Spain,180.0,73.0,7.339473,Barcelona B,Segunda Division,2017-2018,11,0,3,0,99,37,1353,80,81,2,0,7,452,260,172,102,124,24,10,0,0,1,0,3,0,0,38,3367,38,0,6,0,
13054,Mason Greenwood,Attacker,19,England,England,181.0,70.0,6.934482000000001,Manchester United,Premier League,2019-2020,10,0,1,0,39,20,427,14,84,17,0,6,122,51,32,21,8,12,0,0,0,0,0,0,0,0,31,1310,12,19,9,25,normal performance
13190,J. Justin,Defender,22,England,England,183.0,80.0,6.938461,Leicester,Premier League,2019-2020,0,0,1,0,7,0,563,13,83,36,7,11,156,85,17,8,20,8,1,0,0,0,1,0,0,0,13,1010,11,2,0,27,normal performance
13748,R. Sessegnon,Midfielder,20,England,England,178.0,70.0,6.9734690000000015,Fulham,Championship,2017-2018,16,0,8,0,62,27,1232,60,73,6,0,26,523,208,118,59,25,38,2,0,0,0,1,0,0,0,49,4297,48,1,7,1,normal performance
13969,A. Ramsdale,Goalkeeper,22,England,England,188.0,77.0,6.905405,Bournemouth,Premier League,2019-2020,0,62,1,129,0,0,491,2,52,4,0,0,21,17,0,0,3,0,0,0,0,0,0,0,0,1,37,3330,37,0,0,0,normal performance
14687,M. Guehi,Defender,20,Côte d'Ivoire,England,182.0,82.0,6.942857000000001,Swansea,Championship,2019-2020,0,0,0,0,4,0,679,2,84,16,11,26,138,83,9,7,14,5,1,0,0,0,0,0,0,0,14,1177,13,1,1,5,normal performance
14746,R. James,Defender,21,England,England,183.0,82.0,7.057142,Chelsea,Premier League,2019-2020,0,0,2,0,18,3,873,25,79,36,8,22,236,123,42,30,21,22,1,0,0,0,0,0,0,0,24,1510,16,8,3,13,normal performance
14747,R. James,Defender,21,England,England,183.0,82.0,7.108888,Wigan,Championship,2018-2019,3,0,3,0,45,15,1211,74,70,53,15,40,481,284,62,47,61,48,5,0,0,0,2,1,0,0,45,3972,44,1,4,1,normal performance
14764,C. Pulisic,Midfielder,22,USA,USA,172.0,69.0,6.916,Chelsea,Premier League,2019-2020,9,0,4,0,63,26,534,31,79,23,0,6,318,128,108,55,30,14,0,0,0,2,0,0,0,0,25,1727,19,6,11,10,normal performance
14913,M. Mount,Midfielder,21,England,England,178.0,70.0,6.937836999999999,Chelsea,Premier League,2019-2020,7,0,5,0,78,29,1064,52,85,37,3,16,324,125,71,40,38,37,3,0,0,1,0,0,0,0,37,2874,32,5,12,6,normal performance
14914,M. Mount,Midfielder,21,England,England,178.0,70.0,7.0054050000000005,Derby,Championship,2018-2019,9,0,4,0,94,32,1059,70,75,28,3,19,344,132,44,22,42,45,5,0,0,1,0,0,0,0,38,3321,38,0,7,0,normal performance
14915,M. Mount,Midfielder,21,England,England,178.0,70.0,7.453125,Vitesse,Eredivisie,2017-2018,14,0,9,0,70,25,591,80,77,4,0,13,264,125,73,47,37,30,5,0,0,0,0,0,0,0,32,2428,25,7,2,12,normal performance
15377,P. Cutrone,Attacker,22,Italy,Italy,183.0,75.0,7.044444,AC Milan,UEFA Europa League,2017-2018,6,0,1,0,29,10,109,4,75,0,0,2,67,29,10,7,8,8,0,0,0,1,0,0,0,0,13,888,12,1,8,2,normal performance
15908,R. Brewster,Attacker,20,England,England,180.0,75.0,7.00909,Swansea,Championship,2019-2020,11,0,0,0,54,26,228,11,62,13,1,5,255,108,31,16,39,35,7,0,0,1,0,0,0,0,22,1852,21,1,9,1,normal performance
15932,T. Alexander-Arnold,Defender,22,England,England,175.0,69.0,7.389473,Liverpool,Premier League,2019-2020,4,0,13,0,44,13,1871,87,75,55,9,45,235,100,51,21,9,22,5,0,0,0,0,0,0,0,38,3176,35,3,4,3,normal performance
15933,T. Alexander-Arnold,Defender,22,England,England,175.0,69.0,7.4,Liverpool,Premier League,2018-2019,1,0,12,0,29,9,1315,50,76,61,3,35,187,91,27,14,7,14,3,0,0,0,0,0,0,0,29,2467,27,2,7,6,normal performance
15934,T. Alexander-Arnold,Defender,22,England,England,175.0,69.0,7.055555,Liverpool,Premier League,2017-2018,1,0,1,0,12,5,778,25,71,37,5,28,131,63,32,20,1,12,3,0,0,0,0,0,0,0,19,1576,18,1,4,17,normal performance
15938,T. Alexander-Arnold,Defender,22,England,England,175.0,69.0,7.2727270000000015,Liverpool,UEFA Champions League,2018-2019,0,0,3,0,12,1,353,22,62,10,1,19,64,38,8,6,3,7,0,0,0,0,0,0,0,0,11,922,11,0,3,2,normal performance
15939,T. Alexander-Arnold,Defender,22,England,England,175.0,69.0,7.0666660000000014,Liverpool,UEFA Champions League,2017-2018,2,0,1,0,11,3,418,8,73,8,2,25,87,43,20,8,2,10,3,0,0,0,0,0,0,0,12,975,11,1,4,3,normal performance
16110,G. Diangana,Midfielder,22,England,England,180.0,73.0,7.082758,West Brom,Championship,2019-2020,8,0,6,0,47,20,549,41,75,28,1,7,327,160,129,73,43,15,2,0,0,1,0,0,0,0,30,1864,23,7,18,8,normal performance
16162,D. Rice,Midfielder,21,England,England,185.0,76.0,7.002631,West Ham,Premier League,2019-2020,1,0,3,0,31,9,1491,21,84,116,9,77,384,223,65,49,7,41,6,0,0,0,1,0,0,0,38,3420,38,0,0,0,normal performance
16163,D. Rice,Midfielder,21,England,England,185.0,76.0,6.947058,West Ham,Premier League,2018-2019,2,0,0,0,22,5,1312,9,85,98,12,52,321,185,34,26,7,17,4,0,0,0,0,0,0,0,34,3005,34,0,2,2,normal performance
16303,K. Danso,Defender,22,Austria,Austria,190.0,89.0,6.906666,FC Augsburg,Bundesliga 1,2017-2018,2,0,0,0,9,4,362,3,68,2,0,20,133,70,11,5,17,18,2,0,0,0,0,0,0,0,16,1107,13,3,5,11,normal performance
16707,M. Guendouzi,Midfielder,21,France,France,185.0,68.0,7.127777,Lorient,Ligue 2,2017-2018,0,0,1,0,31,8,897,13,89,2,1,22,162,97,26,18,56,17,3,1,0,0,0,0,0,0,18,1429,17,1,6,5,normal performance
